state_range,reward
0-50,2.1909389744740393
50-100,7.842167539842839
100-150,7.207486834038628
150-200,6.127754394591459
200-250,3.1349852573717403
250-300,2.3659125887678107
300-350,2.3096200545241063
350-400,2.399623061041761
400-450,2.159367819774057
450-500,1.3936908154335486
500-500,0.4276766940213779
550-500,0.17918598160993346
600-500,0.8515692721811373
650-500,0.42767669383659124
700-500,0.34658366129701895
750-500,0.4158983926888431
800-500,0.9021699240060794
850-500,0.358361961816867
900-500,1.1416691890053765
950-500,0.2079541978582622
1000-500,1.7117604536241149
1050-500,0.8594255409822056
1100-500,0.53753794095168
1150-500,0.8170852289567911
1200-500,0.5257596405488085
1250-500,0.7325249578154089
1300-500,0.17918598167950325
1350-500,0.41589839367815007
1400-500,1.000197215221931e-05
1450-500,0.2079541976831342
1500-500,0.27726892308528056
1550-500,0.2485007146357153
1600-500,0.4969914255052313
1650-500,0.3465836544574538
1700-500,0.34658366192983836
1750-500,0.5768421640943795
1800-500,0.557604995142741
1850-500,0.4852131242231136
1900-500,0.601136794652971
1950-500,1.0019770604237779
2000-500,0.24850071433393467
2050-500,0.2079541909418287
2100-500,0.6473991887193389
2150-500,0.6436250919914127
2200-500,0.6761674061316647
2250-500,0.3583619621946349
2300-500,0.2079541979102956
2350-500,0.41589838641995824
2400-500,0.21973249905880077
2450-500,0.4564449093094913
2500-500,0.8265751131882603
2550-500,0.43821273794957244
2600-500,0.27726893069864433
2650-500,0.5087697270112633
2700-500,0.42767669401292296
2750-500,0.138639466056894
2800-500,0.24850071455382974
2850-500,0.5257596355744892
2900-500,0.3871301704902107
2950-500,0.13863946586221465
3000-500,0.5545278570741718
3050-500,0.1791859820479409
3100-500,0.387130170670328
3150-500,0.45644491023760664
3200-500,0.8147968628990865
3250-500,0.34658366041184624
3300-500,0.5598522930877378
3350-500,0.20795419842082463
3400-500,0.5375379340883024
3450-500,0.5257596411394221
3500-500,0.2197324989779616
3550-500,0.24850071351646547
3600-500,0.4276766939848181
3650-500,0.3178154458946971
3700-500,0.20795419737977391
3750-500,0.3583619618706565
3800-500,0.6643890978247786
3850-500,0.5480739926992917
3900-500,0.4276766947319447
3950-500,0.2079541979027586
4000-500,0.2485007137984423
4050-500,0.4969914180809408
4100-500,0.20795419834762593
4150-500,0.2485007151561594
4200-500,0.3178154464605766
4250-500,0.20795419769546014
4300-500,0.2772689297371243
4350-500,0.27726892197886904
4400-500,0.5257595948095843
4450-500,0.2485007141023073
4500-500,0.4276766944106562
4550-500,0.2890472310828397
4600-500,0.4276766875975085
4650-500,0.5257596344212521
4700-500,0.3178154461115384
4750-500,0.27726892999472624
4800-500,0.49699142434143495
4850-500,0.5099967006587709
4900-500,0.38713017848390485
4950-500,0.34658366208463054
5000-500,0.13863946706046548
5050-500,0.3871301767086474
5100-500,0.27726893040341133
5150-500,0.6068526732810535
5200-500,0.069324734904811
5250-500,0.28904723036362906
5300-500,0.1791859821325375
5350-500,0.427676694178459
5400-500,0.2995832815199973
5450-500,0.4158983795358447
5500-500,0.5257596346274467
5550-500,0.31781544573513776
5600-500,0.20795419709197976
5650-500,0.2772689241600791
5700-500,0.3583619617840459
5750-500,0.2995832814288888
5800-500,0.8147968412032436
5850-500,0.3871301776584996
5900-500,0.13863946663049503
5950-500,0.5663061577459261
6000-500,0.5663061518399675
6050-500,0.17918598283026274
6100-500,0.13863946608534566
6150-500,0.2079541971282321
6200-500,0.4158983933728034
6250-500,0.20795419116523522
6300-500,0.35836196160047595
6350-500,0.7129398579929619
6400-500,0.38713017813774453
6450-500,0.45644490933065907
6500-500,0.28904723006694566
6550-500,0.5257596341818546
6600-500,0.3583619625304566
6650-500,0.13863946689079665
6700-500,0.3178154453199367
6750-500,0.2772689228511235
6800-500,0.34658366198948326
6850-500,0.2485007143438946
6900-500,0.31781544672306217
6950-500,0.2079541985885327
7000-500,0.3465836553264442
7050-500,0.3871301777285331
7100-500,0.5545278506879342
7150-500,0.20795419765175271
7200-500,0.34658366136198904
7250-500,0.27726892978593287
7300-500,0.3989084780399702
7350-500,0.49699141910993594
7400-500,0.2079541976618219
7450-500,0.34658366172578087
7500-500,0.31781544585024596
7550-500,0.38713017738845823
7600-500,0.31781544529460226
7650-500,0.537537941276711
7700-500,0.38713017154078455
7750-500,0.2079541912863021
7800-500,0.49699142555466896
7850-500,0.3465836543536326
7900-500,0.13863945883156387
7950-500,0.4564449097839722
8000-500,0.4564449029261035
8050-500,0.39890847861334067
8100-500,0.13863946600104543
8150-500,0.5087697277247232
8200-500,0.13863946496018634
8250-500,0.20795419788951888
8300-500,0.2302685495128171
8350-500,0.17918598337537542
8400-500,0.4682232101913694
8450-500,0.2079541975658749
8500-500,0.3583619615159195
8550-500,0.28904723036263974
8600-500,0.35836196202070825
8650-500,0.17918598177012757
8700-500,0.20795419753814884
8750-500,0.3465836610473567
8800-500,0.548073992597562
8850-500,0.387130171588449
8900-500,0.13863946547345665
8950-500,0.20795419814865035
9000-500,0.24850071314315292
9050-500,0.5375379432944236
9100-500,0.34658366147911834
9150-500,0.42767669343202774
9200-500,0.38713017010028283
9250-500,0.4787592610199374
9300-500,0.3583619621250881
9350-500,0.6356208830285301
9400-500,0.20795419834450107
9450-500,0.387130177300108
9500-500,0.2079541977503978
9550-500,0.35836196236421203
9600-500,0.4564449028410077
9650-500,0.20795419195163234
9700-500,0.27726892307920903
9750-500,0.20795419761396108
9800-500,0.34658365527048063
9850-500,0.31781544607756124
9900-500,0.3178154462700998
9950-500,0.7272499736045702
10000-500,0.346583660786474
10050-500,0.45644490168164953
10100-500,0.49699142569766863
10150-500,0.49699141901877936
10200-500,0.42767669402770936
10250-500,0.4682232105856999
10300-500,0.45644490268673377
10350-500,0.5663061579631725
10400-500,0.4969914188939989
10450-500,0.17918598205958552
10500-500,0.3465836608302765
10550-500,0.38713017780191267
10600-500,0.27726892944959164
10650-500,0.34658366171512534
10700-500,0.20795419056318268
10750-500,0.5257596346848441
10800-500,0.4682232101066047
10850-500,0.6173887179430293
10900-500,0.4158983938818796
10950-500,0.3178154456385186
11000-500,0.4564449099634548
11050-500,0.24850071361661624
11100-500,0.17918598237590297
11150-500,0.207954198667192
11200-500,0.24850071334860035
11250-500,0.2772689298259084
11300-500,0.1791859818907376
11350-500,0.3871301787000582
11400-500,0.3583619620815299
11450-500,0.3871301778121671
11500-500,0.34658366195790247
11550-500,0.5257596423893004
11600-500,0.24850071395208992
11650-500,0.10987125049741989
11700-500,0.3583619492902472
11750-500,0.4276766934960934
11800-500,0.27726892923310364
11850-500,0.6356208897116208
11900-500,0.06932473417833186
11950-500,0.20795419837163615
12000-500,0.06932473482329267
12050-500,0.20795419735567525
12100-500,0.35836196229222705
12150-500,0.1791859823449832
12200-500,0.27726893025916394
12250-500,0.3178154459959206
12300-500,0.45644490956358474
12350-500,0.3465836541075842
12400-500,0.38713017741178435
12450-500,0.3465836616600395
12500-500,0.45644490983686004
12550-500,0.20795419869594908
12600-500,0.3871301772850104
12650-500,0.2079541981543124
12700-500,0.5257596414828105
12750-500,0.5545278575565626
12800-500,0.06932473384508332
12850-500,0.3583619625596113
12900-500,0.38713017067341765
12950-500,0.38713017743955935
13000-500,0.3178154465393106
13050-500,0.3989084773124979
13100-500,0.4276766944427811
13150-500,0.2772689298071387
13200-500,0.5663061566503603
13250-500,0.24850071446186486
13300-500,0.6238425744306018
13350-500,0.2485007145355221
13400-500,0.5257596353558933
13450-500,0.5663061568039061
13500-500,0.45644491039025625
13550-500,0.20795419809189236
13600-500,0.2772689292305925
13650-500,0.31781544566074393
13700-500,0.4564449081634536
13750-500,0.3465836616223549
13800-500,0.3465836536572162
13850-500,0.4276766943496148
13900-500,0.5375379415608259
13950-500,0.3583619624985116
14000-500,0.4852131179763718
14050-500,0.20795419131795154
14100-500,0.3465836611011707
14150-500,0.4499910456047038
14200-500,0.31781543964021786
14250-500,0.47875925436950145
14300-500,0.31781543878724433
14350-500,0.2772689296490823
14400-500,0.3871301781563985
14450-500,0.34658366128727963
14500-500,0.2079541981411194
14550-500,0.20795419734591586
14600-500,0.31781544641866794
14650-500,0.6356208833335147
14700-500,0.31781544631183306
14750-500,0.24850071424278028
14800-500,0.21973249901226022
14850-500,0.24850071456293682
14900-500,0.4852131187236117
14950-500,0.31781544566649034
15000-500,0.3583619622426732
15050-500,0.13863946614747075
15100-500,0.2772689301942498
15150-500,0.4682232104012316
15200-500,0.17918598198528815
15250-500,0.21973249900566727
15300-500,0.5375379420828428
15350-500,0.17918598283861784
15400-500,0.3465836553298475
15450-500,0.06932473482266445
15500-500,0.49699142493398396
15550-500,0.35836196200327103
15600-500,0.6068526743652353
15650-500,0.41589839310170323
15700-500,0.207954198204723
15750-500,0.06932473462520497
15800-500,0.3465836614658933
15850-500,0.3178154390220561
15900-500,0.42767669350390125
15950-500,0.27726892950886156
16000-500,0.7167139212698829
16050-500,0.2995832807115618
16100-500,0.3465836614452896
16150-500,0.49699142548648745
16200-500,0.20795419739996007
16250-500,0.6068526742740994
16300-500,0.4969914244854755
16350-500,0.34658366191068746
16400-500,0.17918598215033438
16450-500,0.13863946643186084
16500-500,0.3465836608484872
16550-500,0.3871301774534752
16600-500,0.34658365461324314
16650-500,0.415898392935426
16700-500,0.27726893039048495
16750-500,0.31781544551512053
16800-500,0.24850071468574134
16850-500,0.20795419828987508
16900-500,0.5075274768464608
16950-500,0.13863946554767353
17000-500,0.4969914246681582
17050-500,0.20795419888068425
17100-500,0.31781544567222403
17150-500,0.3871301775764155
17200-500,0.34658364737215497
17250-500,0.24850070773005703
17300-500,0.20795419841710272
17350-500,0.2079541968460245
17400-500,0.5257596420923033
17450-500,0.38713017817569084
17500-500,0.1386394655255911
17550-500,0.20795419793333422
17600-500,0.13863946594239557
17650-500,0.34658365450911655
17700-500,0.24850071494333253
17750-500,0.2772689305011881
17800-500,0.35836196205150067
17850-500,0.24850071342916497
17900-500,0.3178154461086509
17950-500,0.4852131250356277
18000-500,0.0693247340961663
18050-500,0.28904723089374557
18100-500,0.3178154460136148
18150-500,0.13863946579089667
18200-500,0.20795419791571187
18250-500,0.24850071422588846
18300-500,0.4158983798272796
18350-500,0.38713017710906855
18400-500,0.5257596409680698
18450-500,0.4158983873847143
18500-500,0.34658366147475117
18550-500,0.39890847906868687
18600-500,0.2079541912422766
18650-500,0.3871301777535849
18700-500,0.28904722988210535
18750-500,0.17918598212641582
18800-500,0.3465836622100126
18850-500,0.4158983857990857
18900-500,0.3465836470134204
18950-500,0.34658365576159905
19000-500,0.49699142664024815
19050-500,0.387130165008464
19100-500,0.20795419803776882
19150-500,0.3871301771426513
19200-500,0.3178154456358836
19250-500,0.38713017801949656
19300-500,0.24850071431021256
19350-500,0.3583619611715244
19400-500,0.24850071336817298
19450-500,0.4158983940561525
19500-500,0.24850071495375353
19550-500,0.38713017721228826
19600-500,0.2772689298666623
19650-500,0.4382127448789742
19700-500,0.4499910463694009
19750-500,0.3465836545630692
19800-500,0.2772689223347268
19850-500,0.13863946566678537
19900-500,0.20795419860307557
19950-500,0.41589837954839093
20000-500,0.4969914257135943
20050-500,0.1791859825787062
20100-500,0.5257596344452964
20150-500,0.6473991838178168
20200-500,0.5375379283163675
20250-500,0.20795419780274865
20300-500,0.24850071431462745
20350-500,0.566306158242662
20400-500,0.21973249866272088
20450-500,0.3871301707793032
20500-500,0.4276766943733499
20550-500,0.3871301784047831
20600-500,0.45644490220344497
20650-500,0.6473991905680168
20700-500,0.13863946747633335
20750-500,0.4564449019330633
20800-500,0.4158983799811259
20850-500,0.1791859835152469
20900-500,0.34658366062577894
20950-500,0.1791859820516375
21000-500,0.24850070780646932
21050-500,0.2890472315508545
21100-500,0.4564449022241419
21150-500,0.456444902825998
21200-500,0.17918598191505447
21250-500,0.34658365452300405
21300-500,0.38713017678097217
21350-500,0.3989084789894878
21400-500,0.20795419724310768
21450-500,0.20795419865513506
21500-500,0.20795419890822675
21550-500,0.3871301715124514
21600-500,0.5950743667727287
21650-500,0.387130177790551
21700-500,0.4276766943729391
21750-500,0.49699142578561417
21800-500,0.346583661645524
21850-500,0.456444908863572
21900-500,0.24850070770402408
21950-500,0.34658366132253604
22000-500,0.13863946577177674
22050-500,0.27726892352510635
22100-500,0.2079541912800255
22150-500,0.4969914261748925
22200-500,0.38713017724034254
22250-500,0.3465836540042187
22300-500,0.27726892320229424
22350-500,0.31781544650533533
22400-500,0.3583619632751046
22450-500,0.0693247339402209
22500-500,0.24850071409724256
22550-500,0.4564449081513689
22600-500,0.138639466862165
22650-500,0.34658366127713575
22700-500,0.3465836544425255
22750-500,0.06932473299652477
22800-500,0.2079541985792308
22850-500,0.4682232092021573
22900-500,0.24850071354030862
22950-500,0.2772689296640447
23000-500,0.24850071431667048
23050-500,0.42767668722828506
23100-500,0.27726892916183105
23150-500,0.4564449104015818
23200-500,0.06932473391376846
23250-500,0.5257596347825213
23300-500,0.27726892980366696
23350-500,0.576842200989929
23400-500,0.27726892971507705
23450-500,0.4969914253042981
23500-500,0.20795419755335703
23550-500,0.4564449087662809
23600-500,0.3465836540230571
23650-500,0.10987125030789194
23700-500,0.38713017779491504
23750-500,0.207954197862564
23800-500,0.4969914250400646
23850-500,0.427676694108276
23900-500,0.06932473422464486
23950-500,0.3871301774931501
24000-500,0.2772689296760693
24050-500,0.3871301770198822
24100-500,0.2485007142767619
24150-500,0.2772689295285716
24200-500,0.32959374660073604
24250-500,0.3871301776771965
24300-500,0.13863946645115147
24350-500,0.20795419746508764
24400-500,0.49699142440767285
24450-500,0.28904723098365104
24500-500,0.45644488867301874
24550-500,0.17918598164988125
24600-500,0.20795419813792346
24650-500,0.5257596414164913
24700-500,0.38713017068598715
24750-500,0.0693247344483413
24800-500,0.42767669366431554
24850-500,0.1386394665668239
24900-500,0.2079541977096147
24950-500,0.5257596415111001
25000-500,0.3871301777386133
25050-500,0.2079541983150067
25100-500,0.20795419782398464
25150-500,0.3465836543763131
25200-500,0.3465836546668217
25250-500,0.13863946612446967
25300-500,0.20795419794749376
25350-500,0.20795419791128644
25400-500,0.24850071470336807
25450-500,0.3871301771067375
25500-500,0.4158983859816889
25550-500,0.31781544630244557
25600-500,0.4564449028763685
25650-500,0.5950743666925187
25700-500,0.41589838647411626
25750-500,0.24850071395888845
25800-500,0.31781544566432807
25850-500,0.45644490973358715
25900-500,0.31781544629712954
25950-500,0.4276766942754441
26000-500,0.6643890918068949
26050-500,0.13863946610740482
26100-500,0.13863946701287866
26150-500,0.24850071380225666
26200-500,0.1386394658110293
26250-500,0.34658365505686806
26300-500,0.456444903616582
26350-500,0.2772689293390874
26400-500,0.13863946684522716
26450-500,0.45644489564175733
26500-500,0.27726893031976985
26550-500,0.2485007076470517
26600-500,0.1386394654369264
26650-500,0.3178154465771004
26700-500,0.3465836604513187
26750-500,0.3871301712266496
26800-500,0.3583619618979835
26850-500,0.10987125091009546
26900-500,0.4564449089315829
26950-500,0.207954197010182
27000-500,0.31781544574239196
27050-500,0.41589838006637514
27100-500,0.1791859826353773
27150-500,0.27726892898060446
27200-500,0.2079541982045588
27250-500,0.3871301782247607
27300-500,0.28904723035371294
27350-500,0.35836196141470666
27400-500,0.24850071431337448
27450-500,0.27726892961627164
27500-500,0.23026854944410186
27550-500,0.17918598255707416
27600-500,0.24850071312677263
27650-500,0.069324734863135
27700-500,0.317815440303892
27750-500,0.34658366182025047
27800-500,0.13863946604650573
27850-500,0.24850071314296263
27900-500,0.49699142469594654
27950-500,0.40944452965701206
28000-500,0.31781543882774876
28050-500,0.3688980126346336
28100-500,0.27726892330045994
28150-500,0.5375379419109689
28200-500,0.20795419945498317
28250-500,0.2079541979610105
28300-500,0.20795419855786346
28350-500,0.38713016997037786
28400-500,0.24850071418660055
28450-500,0.2485007138261938
28500-500,0.31781544636624964
28550-500,0.13863946605579108
28600-500,0.24850071455513043
28650-500,0.41589838626064746
28700-500,0.20795419777477225
28750-500,0.5780844595117423
28800-500,0.1791859825232574
28850-500,0.3178154465866045
28900-500,0.2079541975971111
28950-500,0.13863946626725537
29000-500,0.5257596420288387
29050-500,0.3178154468540194
29100-500,0.3583619558523762
29150-500,0.34658366104400756
29200-500,0.17918598281356074
29250-500,0.13863946693899215
29300-500,0.31781544620507873
29350-500,0.3583619624962359
29400-500,0.3583619625306701
29450-500,0.24850070720929796
29500-500,0.2772689291179827
29550-500,0.3178154464821487
29600-500,0.317815446354963
29650-500,0.2485007137670975
29700-500,0.3465836614713744
29750-500,0.2079541980107739
29800-500,0.4852131179367526
29850-500,0.17918598284216397
29900-500,0.20795419719663294
29950-500,0.2485007143188281
30000-500,0.4564449028784156
30050-500,0.5257596415731381
30100-500,0.1386394663344981
30150-500,0.1386394653229914
30200-500,0.24850071489174552
30250-500,0.4564448963265382
30300-500,0.35836196120336844
30350-500,0.20795419773746734
30400-500,1.0002687318367834e-05
30450-500,0.10987125093621164
30500-500,0.13863945981951803
30550-500,0.24850071415689542
30600-500,0.4969914254284384
30650-500,0.4158983927233293
30700-500,0.20795419764173156
30750-500,0.207954198148129
30800-500,0.4276766950102139
30850-500,0.3871301784289577
30900-500,0.24850071490482759
30950-500,0.34658366162192805
31000-500,0.24850071406635438
31050-500,0.24850071446724162
31100-500,0.2772689294335944
31150-500,0.38713017772168534
31200-500,0.34658365422877846
31250-500,0.17918598271924951
31300-500,0.35836196196507275
31350-500,0.387130170164593
31400-500,0.5375379424350033
31450-500,0.2772689304664014
31500-500,0.2772689288466446
31550-500,0.2772689300523602
31600-500,0.31781544653988314
31650-500,0.2485007146549109
31700-500,0.13863946596237792
31750-500,0.4564449021530132
31800-500,0.2772689303900564
31850-500,0.3178154459993274
31900-500,0.6356208892750013
31950-500,0.35836196219964517
32000-500,0.3583619627986891
32050-500,0.24850071515266806
32100-500,0.13863945957958052
32150-500,0.3465836609160407
32200-500,0.13863946665545807
32250-500,0.1386394665699295
32300-500,0.3178154462275604
32350-500,0.2079541980221144
32400-500,0.06932473351449212
32450-500,0.3178154448452012
32500-500,0.3178154324411716
32550-500,0.2772689225288666
32600-500,0.20795419776254898
32650-500,0.17918598297157334
32700-500,0.17918598175897976
32750-500,0.42767669504881106
32800-500,0.207954197614108
32850-500,0.31781544582965465
32900-500,1.0001992359877079e-05
32950-500,0.2485007148865233
33000-500,0.13863946621411313
33050-500,0.48521311082596535
33100-500,0.2079541975681316
33150-500,0.2079541978458666
33200-500,0.41589837941243213
33250-500,0.3688980131414673
33300-500,0.38713017746812406
33350-500,0.1386394666651282
33400-500,0.35836196361013417
33450-500,0.31781544674530227
33500-500,0.35836196095338874
33550-500,0.13863946613953104
33600-500,0.4276766945768767
33650-500,0.4969914266418781
33700-500,0.3871301709822309
33750-500,0.38713017053257825
33800-500,0.34658366194800233
33850-500,0.3178154465452598
33900-500,0.41589839355114205
33950-500,0.2772689294704051
34000-500,0.13863946612675448
34050-500,0.45644491020875905
34100-500,0.3178154444842266
34150-500,0.2079541975887241
34200-500,0.41589838689490743
34250-500,0.13863946702792654
34300-500,0.20795419817810706
34350-500,0.35836196197314296
34400-500,0.24850071334963791
34450-500,0.20795419768420054
34500-500,0.5780844502608363
34550-500,0.27726892304108114
34600-500,0.4852131189923048
34650-500,0.13863946657648835
34700-500,0.31781544565713205
34750-500,0.31781544652233273
34800-500,0.4852131252417508
34850-500,0.4564449093825216
34900-500,0.20795419806463453
34950-500,0.24850070689949288
35000-500,0.1098712505834751
35050-500,0.2079541979060287
35100-500,0.2772689305053933
35150-500,0.36889801308439457
35200-500,0.0693247341118112
35250-500,0.27726892862931496
35300-500,0.2890472295909785
35350-500,0.4276766872600565
35400-500,0.35836196235606016
35450-500,0.24850071392772385
35500-500,0.4276766939754914
35550-500,0.13863946659582266
35600-500,0.3178154462713338
35650-500,0.2079541983436366
35700-500,0.2772689290680832
35750-500,0.2890472292934192
35800-500,0.34658366237306903
35850-500,0.42767669451854096
35900-500,0.5950743662842404
35950-500,0.3583619620571811
36000-500,0.2772689296383404
36050-500,0.2079541989597155
36100-500,0.34658366116206707
36150-500,0.27726892991126373
36200-500,0.1386394655052045
36250-500,0.35836196259511355
36300-500,0.2772689293227149
36350-500,0.27726892906528144
36400-500,0.21973249920501944
36450-500,0.2772689296851004
36500-500,0.2772689294429867
36550-500,0.2079541980359812
36600-500,0.21973249832145575
36650-500,0.20795419770676488
36700-500,0.3401297979683161
36750-500,0.207954197932306
36800-500,0.35836196193490594
36850-500,0.20795419809393892
36900-500,0.13863946692594917
36950-500,0.10987124976085325
37000-500,0.3688980134668397
37050-500,0.2995832815846579
37100-500,0.3583619629509406
37150-500,0.4276766944266079
37200-500,0.38713017717622866
37250-500,0.24850071462285706
37300-500,0.48521312613330697
37350-500,0.2772689290329402
37400-500,0.27726892965189415
37450-500,0.2079541984412308
37500-500,0.17918598230593763
37550-500,0.3178154468064764
37600-500,0.24850071443435512
37650-500,0.0693247354657193
37700-500,0.10987125026502995
37750-500,0.24850071479868086
37800-500,0.49699142529543616
37850-500,0.3465836546492135
37900-500,0.21973249837189274
37950-500,0.248500713599215
38000-500,0.20795419852177988
38050-500,0.17918598204124464
38100-500,0.3871301773968519
38150-500,0.20795419696657733
38200-500,0.38713017771937086
38250-500,0.1386394649422056
38300-500,0.3583619620334892
38350-500,1.000279796106284e-05
38400-500,0.13863946670542743
38450-500,0.31781544512139454
38500-500,0.3583619623413727
38550-500,0.27726892957349786
38600-500,0.3465836609143612
38650-500,0.40944453037107015
38700-500,0.38713017818895384
38750-500,0.3871301780331665
38800-500,0.20795419799359172
38850-500,0.27726892950514764
38900-500,0.20795419778073584
38950-500,0.2079541967952431
39000-500,0.3178154464743085
39050-500,0.27726892930532854
39100-500,0.31781544630845276
39150-500,0.2485007148811817
39200-500,0.0693247340144943
39250-500,0.06932473492993642
39300-500,0.10987125089694669
39350-500,0.5257596344281958
39400-500,0.2485007138830259
39450-500,0.41589839336033985
39500-500,0.346583655179581
39550-500,0.1791859836996157
39600-500,0.3871301777961106
39650-500,0.3583619622243608
39700-500,0.17918598264349642
39750-500,0.3871301774544912
39800-500,0.13863946587879988
39850-500,1.0002333809412392e-05
39900-500,0.45644490412015915
39950-500,0.10987124981728003
40000-500,0.3465836621662338
40050-500,0.4276766939534523
40100-500,0.2772689293545526
40150-500,0.28904723107662833
40200-500,0.24850071418769884
40250-500,0.17918598296753135
40300-500,0.20795419746031013
40350-500,0.3178154325612433
40400-500,0.38713017792591314
40450-500,0.34658366103856625
40500-500,0.3178154462092201
40550-500,0.24850071466500273
40600-500,0.5375379412651045
40650-500,0.13863946666141402
40700-500,0.496991425682329
40750-500,0.13863946654562168
40800-500,0.346583661656312
40850-500,0.13863946501109004
40900-500,0.45644490872953536
40950-500,0.20795419845716348
41000-500,0.3465836617889167
41050-500,0.3871301785582395
41100-500,0.27726893006249975
41150-500,0.1386394667611331
41200-500,0.2079541970942551
41250-500,0.20795419805420953
41300-500,0.13863946629921656
41350-500,0.13863946570600966
41400-500,0.13863946570856112
41450-500,0.24850071374247712
41500-500,0.31781544546650486
41550-500,0.20795419255426678
41600-500,0.1386394665909177
41650-500,0.4276766936275817
41700-500,0.17918598308802508
41750-500,0.38713017786329024
41800-500,0.24850071454599898
41850-500,0.13863946646895856
41900-500,0.3178154456464622
41950-500,0.31781544523012395
42000-500,0.4158983929622206
42050-500,0.10987125062686035
42100-500,0.4852131182616065
42150-500,0.415898393428181
42200-500,0.5480739939191501
42250-500,0.17918598273714964
42300-500,0.2079541995474199
42350-500,0.24850071310077734
42400-500,0.21973249821219637
42450-500,0.4969914186615837
42500-500,0.427676687777734
42550-500,0.20795419851783575
42600-500,0.20795419761693196
42650-500,0.13863946609747083
42700-500,0.17918598287066456
42750-500,0.20795419887992922
42800-500,0.20795419740847576
42850-500,0.3178154467131623
42900-500,0.1791859820397531
42950-500,0.28904723023842105
43000-500,0.24850071510212088
43050-500,0.1386394662852099
43100-500,0.45644491022231337
43150-500,0.17918598317592233
43200-500,0.42767668639303613
43250-500,0.46822321007106027
43300-500,0.2772689296900058
43350-500,0.2485007150625774
43400-500,0.2772689300974663
43450-500,0.3178154462680365
43500-500,0.496991426037719
43550-500,0.13863946593228357
43600-500,0.24850071438165028
43650-500,0.3178154454500356
43700-500,0.10987125031251047
43750-500,0.13863946699078716
43800-500,0.13863946554360035
43850-500,0.3688980126228388
43900-500,0.06932473377040607
43950-500,0.13863946656244439
44000-500,0.3178154461687837
44050-500,0.1386394657022528
44100-500,0.45644490913635805
44150-500,0.3178154452169938
44200-500,0.27726893107561323
44250-500,0.24850071458089254
44300-500,0.2890472305482399
44350-500,0.3465836604589317
44400-500,0.2079541984728098
44450-500,0.31781543933235523
44500-500,0.13863946746677425
44550-500,0.13863946561367657
44600-500,0.27726892922484697
44650-500,0.3465836615467207
44700-500,0.1386394658188617
44750-500,0.745482130178883
44800-500,0.2772689227675838
44850-500,0.3871301707558262
44900-500,0.13863946007791877
44950-500,0.20795419805118492
45000-500,0.358361962301154
45050-500,0.13863946570085972
45100-500,0.3178154454842473
45150-500,0.31781544487876945
45200-500,0.3178154452466352
45250-500,0.41589839349341223
45300-500,0.3583619629261363
45350-500,0.3178154464317051
45400-500,0.20795419811011442
45450-500,0.4025452437857863
45500-500,0.24850071402356036
45550-500,0.2485007138547361
45600-500,0.3178154454360069
45650-500,0.31781544645409243
45700-500,0.13863946556814472
45750-500,0.4564449026606301
45800-500,0.13863945832487562
45850-500,0.277268930302737
45900-500,0.38713017736097816
45950-500,0.17918598120355012
46000-500,0.3178154460766452
46050-500,0.27726892906290274
46100-500,0.17918598282255496
46150-500,0.06932473443524298
46200-500,0.24850071340525132
46250-500,0.27726893041870415
46300-500,0.06932473453118036
46350-500,0.17918598230525107
46400-500,0.2772689296404902
46450-500,0.20795419765458512
46500-500,0.1386394653903104
46550-500,0.1386394654878143
46600-500,0.24850070614270944
46650-500,0.34658366166335347
46700-500,0.2485007141911249
46750-500,1.0002469469073675e-05
46800-500,0.566306150155757
46850-500,0.3871301780543253
46900-500,0.317815446705742
46950-500,0.24850071432251894
47000-500,0.2079541979122168
47050-500,0.06932473413581884
47100-500,0.207954197391577
47150-500,0.3465836615630071
47200-500,0.1791859824496163
47250-500,0.24850071440073712
47300-500,0.34658365488074955
47350-500,0.2772689291494306
47400-500,0.34012979747330147
47450-500,0.1386394665715037
47500-500,0.31781544606610884
47550-500,0.06932473438775269
47600-500,0.2079541975457123
47650-500,0.13863946555115475
47700-500,0.28904723063958815
47750-500,0.2485007144323555
47800-500,0.38713017633053565
47850-500,0.3871301774465229
47900-500,0.5257596419361381
47950-500,0.49699142634753557
48000-500,0.248500714640946
48050-500,0.06932473377161348
48100-500,0.17918598218317539
48150-500,0.17918598284314577
48200-500,0.2772689294909184
48250-500,0.31781544527801703
48300-500,0.4682232102529267
48350-500,0.3178154457947242
48400-500,0.17918598282663561
48450-500,0.24850071392746825
48500-500,0.38713017697171026
48550-500,0.24850071405052118
48600-500,0.3583619614999203
48650-500,0.38713017711377157
48700-500,0.06932473472077262
48750-500,0.42767669363046323
48800-500,0.24850071438289217
48850-500,0.1386394661538148
48900-500,0.20795419802715215
48950-500,0.13863946581632297
49000-500,0.13863946648275247
49050-500,0.06932473400809888
49100-500,0.20795419802093687
49150-500,0.28904723017227485
49200-500,0.1386394662235511
49250-500,0.2772689298002088
49300-500,0.06932473476868993
49350-500,0.3178154459660839
49400-500,0.2079541984487844
49450-500,0.27726892898730726
49500-500,0.20795419799024079
49550-500,0.3465836611055164
49600-500,0.13863946634350433
49650-500,0.317815446483306
49700-500,0.2772689222568402
49750-500,0.17918598284806903
49800-500,0.3178154460146133
49850-500,0.13863946683121295
49900-500,0.27726892956067994
49950-500,0.10987125060882046
50000-500,0.31781544575192106
50050-500,0.17918598097949173
50100-500,0.24850071465938678
50150-500,0.3871301770750897
50200-500,0.45644490957181
50250-500,0.27726893005536085
50300-500,0.42767669455600643
50350-500,0.21973249849126364
50400-500,0.35836196352655303
50450-500,0.20795419751333827
50500-500,0.34658365407616565
50550-500,0.427676693261556
50600-500,0.46822321017240165
50650-500,0.31781544662161715
50700-500,0.17918598213894055
50750-500,0.2079541980928606
50800-500,0.3871301710838738
50850-500,0.2485007140642353
50900-500,0.13863946612516892
50950-500,0.10987125147365302
51000-500,0.17918598366629088
51050-500,1.0003146434313096e-05
51100-500,0.34658366140838764
51150-500,0.13863946658800047
51200-500,0.4564449089988954
51250-500,0.3871301783521143
51300-500,0.3178154449506667
51350-500,0.3178154460543825
51400-500,0.24850071421451814
51450-500,0.06932473489050867
51500-500,0.5663061505198526
51550-500,0.20795419759555472
51600-500,0.2079541976330906
51650-500,0.2485007135422977
51700-500,0.13863946602529567
51750-500,0.42767669301988886
51800-500,0.35836196246154806
51850-500,0.31781544622222885
51900-500,0.2772689220973553
51950-500,0.13863946599601054
52000-500,0.27726892989749363
52050-500,0.06932473461168485
52100-500,0.24850071570439272
52150-500,0.45644490307860197
52200-500,0.06932473488621788
52250-500,0.20795419733206205
52300-500,0.2079541979547696
52350-500,0.20795419807808696
52400-500,0.1386394658878514
52450-500,0.4852131184896978
52500-500,0.13863946576235603
52550-500,0.13863946005988254
52600-500,0.17918598259895932
52650-500,0.28904723089808465
52700-500,0.36889801290069857
52750-500,0.2485007136382956
52800-500,0.20795419836417084
52850-500,0.4969914247424702
52900-500,0.2890472296110426
52950-500,0.10987125128505207
53000-500,0.31781544684743107
53050-500,0.1386394664490462
53100-500,0.13863946659434961
53150-500,0.1386394660821934
53200-500,0.17918598259227436
53250-500,1.00021942912376e-05
53300-500,0.38713017794065396
53350-500,1.0002916140129373e-05
53400-500,0.3465836621767361
53450-500,0.24850071423643133
53500-500,0.45644490304486557
53550-500,0.06932473399211042
53600-500,0.1386394656224544
53650-500,0.13863946622433876
53700-500,0.3465836612248013
53750-500,0.06932473391457955
53800-500,0.20795419893935962
53850-500,0.3989084788453093
53900-500,0.17918598240229228
53950-500,0.248500714111483
54000-500,0.5663061583086562
54050-500,0.6356208833278544
54100-500,0.3871301772328758
54150-500,0.27726892906994627
54200-500,0.3178154469531319
54250-500,0.31781544512057874
54300-500,0.31781543940274565
54350-500,0.2772689292308443
54400-500,0.3871301776747652
54450-500,0.17918598258989635
54500-500,0.31781544553584945
54550-500,0.13863946616814815
54600-500,0.24850071402964108
54650-500,0.41589838698131193
54700-500,0.20795419684618333
54750-500,0.2485007148833389
54800-500,0.207954197724459
54850-500,0.20795419779761817
54900-500,0.39890847762573567
54950-500,0.3583619618805582
55000-500,0.2079541984020697
55050-500,0.20795419740446003
55100-500,0.1791859826301161
55150-500,0.13863946590892512
55200-500,0.1791859826509637
55250-500,0.2772689239393951
55300-500,0.0693247346693645
55350-500,0.06932473417378376
55400-500,0.06932473455055874
55450-500,0.27726892235513756
55500-500,1.0002487816797014e-05
55550-500,0.3178154464705105
55600-500,0.35836196223623185
55650-500,0.42767669303438727
55700-500,1.0002874607751836e-05
55750-500,1.0002703427082196e-05
55800-500,0.3871301709600702
55850-500,0.20795419886494493
55900-500,0.06932473399698733
55950-500,0.3583619627442584
56000-500,0.17918598231271515
56050-500,0.3583619624655779
56100-500,0.31781543847228383
56150-500,0.2079541976913452
56200-500,0.2772689289359659
56250-500,0.5817212241106157
56300-500,0.20795419810073978
56350-500,0.10987125118086723
56400-500,0.13863946563011462
56450-500,0.13863946584081488
56500-500,0.2485007140437761
56550-500,0.3178154452368712
56600-500,0.3871301776130032
56650-500,0.34658366187517775
56700-500,0.4969914265881534
56750-500,0.06932473552650943
56800-500,0.27726892894738897
56850-500,0.1386394661034041
56900-500,0.5257596332732948
56950-500,0.207954197837194
57000-500,0.20795419817658606
57050-500,0.138639466488094
57100-500,0.24850071347893624
57150-500,0.13863946552778617
57200-500,0.20795419869939388
57250-500,0.20795419760261158
57300-500,0.06932473500730564
57350-500,0.5257596401971332
57400-500,0.2485007149730143
57450-500,0.1791859823111784
57500-500,0.4158983936904936
57550-500,0.2079541980677388
57600-500,0.3178154450075096
57650-500,0.1791859820828449
57700-500,0.3989084791206993
57750-500,0.20795419763614592
57800-500,0.24850071469525453
57850-500,0.10987125077998831
57900-500,0.38713017755678014
57950-500,1.000233489361179e-05
58000-500,0.4969914257460041
58050-500,1.0002281769351243e-05
58100-500,0.20795419771602966
58150-500,0.06932473331335923
58200-500,0.46822320948367546
58250-500,0.2079541975488423
58300-500,0.3465836542756503
58350-500,0.3465836619752065
58400-500,0.41589838670062357
58450-500,0.27726892312585316
58500-500,0.2772689306337005
58550-500,0.3871301770548937
58600-500,0.3178154459660906
58650-500,0.06932473490783711
58700-500,0.06932473432450045
58750-500,0.4276766927970745
58800-500,1.0003265969450439e-05
58850-500,0.1386394663024058
58900-500,0.13863946606617478
58950-500,0.2772689302037804
59000-500,0.06932473445301943
59050-500,0.17918598249754586
59100-500,0.3583619629812303
59150-500,0.31781544546740687
59200-500,0.24850071413445218
59250-500,0.13863946627757767
59300-500,0.2079541985346359
59350-500,0.20795419815168348
59400-500,0.06932473448442372
59450-500,0.4969914192328043
59500-500,0.13863946680829614
59550-500,0.277268930092474
59600-500,0.27726892269953834
59650-500,0.20795419772503704
59700-500,0.20795419874693577
59750-500,0.13863946728876997
59800-500,0.20795419857357694
59850-500,1.000348044588705e-05
59900-500,0.13863946604019234
59950-500,0.13863946674073332
60000-500,0.2485007151099467
60050-500,0.13863946517224132
60100-500,0.34658366168514787
60150-500,1.00016616212406e-05
60200-500,1.0003261985703773e-05
60250-500,0.17918598298100918
60300-500,0.35836196189860686
60350-500,0.20795419831433878
60400-500,0.13863946547510156
60450-500,0.28904722987666853
60500-500,0.13863946648114747
60550-500,0.13863946645624242
60600-500,0.3178154456216293
60650-500,0.17918598166484992
60700-500,0.17918598171261277
60750-500,0.27726892265218617
60800-500,0.06932473429093458
60850-500,0.17918598181486012
60900-500,0.277268930288722
60950-500,0.1386394665618535
61000-500,0.2772689298825287
61050-500,0.2772689299276728
61100-500,0.1791859821571818
61150-500,0.20795419848898938
61200-500,0.27726892975105705
61250-500,0.06932473386027108
61300-500,0.4276766937522588
61350-500,0.387130177726995
61400-500,0.2079541980680834
61450-500,0.2772689296922475
61500-500,0.20795419794593392
61550-500,0.06932473380388916
61600-500,0.13863946690150347
61650-500,0.2079541977988198
61700-500,0.1791859820793263
61750-500,0.27726892938298253
61800-500,0.1386394657525223
61850-500,0.17918598317962853
61900-500,0.17918598254032303
61950-500,0.2772689304443484
62000-500,0.3178154462556648
62050-500,0.24850071449189456
62100-500,0.17918598271477734
62150-500,0.27726893014463877
62200-500,0.1386394660570061
62250-500,0.20795419851002778
62300-500,0.24850071481872119
62350-500,0.20795419792162795
62400-500,0.13863946594861443
62450-500,0.5545278570193176
62500-500,0.13863946619110756
62550-500,0.13863946600282182
62600-500,0.27726892325322466
62650-500,0.2485007139113645
62700-500,0.20795419801495596
62750-500,0.2079541974894868
62800-500,0.13863946599094037
62850-500,0.06932473475470388
62900-500,0.20795419702308884
62950-500,0.24850071460206818
63000-500,0.248500714630296
63050-500,0.35836196211200877
63100-500,0.1386394665305371
63150-500,0.20795419846205299
63200-500,0.2079541980816379
63250-500,0.17918598233984073
63300-500,0.13863946606313612
63350-500,0.06932473411171164
63400-500,0.3178154454410059
63450-500,0.06932473448170226
63500-500,0.20795419808744525
63550-500,0.13863946544069716
63600-500,0.20795419905753257
63650-500,0.1386394659296854
63700-500,0.1386394661510057
63750-500,0.277268930033736
63800-500,0.06932473419088467
63850-500,0.20795419816463712
63900-500,0.1386394671808341
63950-500,0.17918598348620193
64000-500,0.06932473420427723
64050-500,0.2772689291921801
64100-500,0.20795419756349168
64150-500,0.2772689295851668
64200-500,0.06932473477771099
64250-500,0.06932473543917315
64300-500,0.2079541984676503
64350-500,0.13863946595253215
64400-500,0.13863946578224146
64450-500,0.13863946576482933
64500-500,0.06932473475431584
64550-500,1.0002005958776863e-05
64600-500,0.277268929834617
64650-500,0.17918598150298792
64700-500,0.27726892922249313
64750-500,0.138639465528299
64800-500,1.000265068349492e-05
64850-500,0.17918598316277684
64900-500,0.06932473438924973
64950-500,0.10987124983704644
65000-500,0.13863946525332632
65050-500,0.3178154456957087
65100-500,0.1386394663536202
65150-500,0.2772689300326082
65200-500,0.42767669358400495
65250-500,0.20795419895699388
65300-500,0.13863946672939714
65350-500,0.06932473389996387
65400-500,0.45644490983253483
65450-500,0.1791859826254291
65500-500,0.06932473437897989
65550-500,0.10987125149861857
65600-500,0.06932473423538107
65650-500,0.2079541978262296
65700-500,0.20795419854630878
65750-500,0.24850071339349075
65800-500,0.13863946551818265
65850-500,0.5663061576111843
65900-500,0.24850071455155395
65950-500,0.2890472310544982
66000-500,0.24850071372593746
66050-500,0.31781544594827993
66100-500,0.2079541981115513
66150-500,0.2197324978948289
66200-500,0.38713017797711613
66250-500,0.06932473403913707
66300-500,0.2772689303781126
66350-500,0.20795419831357015
66400-500,0.06932473426018523
66450-500,0.24850071405710747
66500-500,0.13863946638813512
66550-500,0.2485007149626965
66600-500,0.13863946712677272
66650-500,0.43821274447046943
66700-500,0.20795419701448647
66750-500,0.10987125060943304
66800-500,0.31781544517570914
66850-500,0.27726893019785565
66900-500,0.20795419726618541
66950-500,0.17918598269363958
67000-500,0.2485007145776282
67050-500,0.13863946624699458
67100-500,0.0693247349856117
67150-500,0.34658366066187385
67200-500,0.0693247343155414
67250-500,0.3465836617236067
67300-500,0.1791859813647847
67350-500,0.49699142568499005
67400-500,0.1386394664831267
67450-500,0.17918598292886315
67500-500,0.06932473439404599
67550-500,0.20795419813380017
67600-500,0.06932473435053563
67650-500,0.17918598182498138
67700-500,0.1386394659987102
67750-500,0.06932473387911414
67800-500,0.13863946643823158
67850-500,0.13863946602064
67900-500,0.13863946673498576
67950-500,0.4276766945884615
68000-500,0.13863946600411642
68050-500,0.1791859817687929
68100-500,0.20795419838170917
68150-500,0.2772689302177536
68200-500,0.3583619625896211
68250-500,0.27726892999037106
68300-500,0.06932473410517856
68350-500,0.06932473432125745
68400-500,0.17918598204501984
68450-500,0.2079541910204989
68500-500,0.24850071514525235
68550-500,0.24850071434249227
68600-500,0.20795419795902825
68650-500,0.06932473436525603
68700-500,0.2772689304606839
68750-500,0.2485007141664958
68800-500,0.2485007145621775
68850-500,0.34658366141550206
68900-500,0.06932473409774673
68950-500,1.000263630495212e-05
69000-500,0.20795419764687342
69050-500,0.13863946611834618
69100-500,0.13863946602009591
69150-500,0.2772689299726224
69200-500,0.13863946562556625
69250-500,0.13863946604491775
69300-500,0.06932473427197552
69350-500,0.24850071385841024
69400-500,0.31781544544542434
69450-500,0.20795419742016544
69500-500,0.13863946620273762
69550-500,0.24850071419703487
69600-500,0.20795419683882513
69650-500,0.20795419750037158
69700-500,0.13863946609095976
69750-500,0.06932473478315818
69800-500,0.06932473409573242
69850-500,0.34658365452674783
69900-500,0.17918598246717513
69950-500,0.27726892870927466
70000-500,0.24850071454120334
70050-500,0.27726892995283015
70100-500,1.0003350399868652e-05
70150-500,0.20795419079440305
70200-500,0.27726892995797536
70250-500,0.20795419751698968
70300-500,0.2890472313708231
70350-500,0.13863946697278245
70400-500,0.06932473465064001
70450-500,0.3178154381756343
70500-500,1.0003583289842623e-05
70550-500,0.17918598249969322
70600-500,0.2485007147007932
70650-500,0.20795419849720176
70700-500,0.27726893002487996
70750-500,0.20795419062144113
70800-500,0.1386394664641726
70850-500,0.31781544551590246
70900-500,0.28904723126708604
70950-500,0.13863946629957474
71000-500,0.3178154459618005
71050-500,0.38713017837910035
71100-500,0.2772689290948481
71150-500,0.27726892243709644
71200-500,0.20795419821342823
71250-500,0.13863946673159006
71300-500,0.0693247348886482
71350-500,0.24850071367047852
71400-500,0.06932473431921561
71450-500,0.2772689226354706
71500-500,0.13863946554854262
71550-500,0.2079541984633096
71600-500,0.13863946544158773
71650-500,0.2079541992660201
71700-500,0.34658365471072894
71750-500,0.41589839364670944
71800-500,0.13863946625831203
71850-500,0.13863946573369645
71900-500,0.317815446029038
71950-500,0.13863946609729566
72000-500,0.06932473410819463
72050-500,0.20795419780643618
72100-500,0.1791859824930382
72150-500,0.2772689287155046
72200-500,0.06932473472711315
72250-500,0.24850071429866474
72300-500,0.13863946655956289
72350-500,0.3871301779034285
72400-500,0.13863946630746354
72450-500,0.0693247338300891
72500-500,0.42767668808268333
72550-500,0.2079541972255476
72600-500,0.5663061577855275
72650-500,0.17918598253299245
72700-500,0.06932473424887765
72750-500,0.1386394663606783
72800-500,0.13863946680562028
72850-500,0.27726892965934286
72900-500,0.38713017759182294
72950-500,0.13863946564186957
73000-500,0.13863946653473436
73050-500,0.17918598266528502
73100-500,1.0002920467601086e-05
73150-500,0.2079541971563125
73200-500,0.13863946563392943
73250-500,0.3178154453049247
73300-500,1.000251282763486e-05
73350-500,0.10987125055114295
73400-500,1.0002488823902526e-05
73450-500,0.1386394671894312
73500-500,1.0002740771165578e-05
73550-500,0.3583619618797159
73600-500,0.13863946585024983
73650-500,0.13863946569579594
73700-500,1.0002269295329427e-05
73750-500,0.3465836617583083
73800-500,0.31781544637940706
73850-500,0.3871301773160679
73900-500,0.06932473423659487
73950-500,0.13863946578984115
74000-500,0.17918598198872587
74050-500,0.2079541970621775
74100-500,0.3871301701043276
74150-500,0.13863946639020866
74200-500,0.0693247346332929
74250-500,0.20795419678053967
74300-500,0.13863946561672597
74350-500,0.13863946632921903
74400-500,0.3178154394380085
74450-500,0.2772689220231547
74500-500,0.27726892920954943
74550-500,0.06932473408615838
74600-500,0.24850071378008792
74650-500,0.3178154464820248
74700-500,0.13863946602050792
74750-500,0.16095381753743854
74800-500,0.06932473483691198
74850-500,0.24850071421186767
74900-500,0.20795419114702623
74950-500,0.06932473470952508
75000-500,0.10987125059099116
75050-500,0.1791859821258837
75100-500,0.2772689291654083
75150-500,0.20795419868674356
75200-500,0.13863946624194118
75250-500,0.17918598317855677
75300-500,0.0693247352253554
75350-500,0.27726892947595455
75400-500,0.0693247337776307
75450-500,0.2772689297816032
75500-500,0.13863946631084104
75550-500,0.13863946578390757
75600-500,0.13863946616791795
75650-500,0.24850071484241773
75700-500,0.27726892915971363
75750-500,0.0693247345881086
75800-500,0.06932473494772504
75850-500,0.2197324980074605
75900-500,0.06932473456202982
75950-500,0.069324735418481
76000-500,0.20795419820833477
76050-500,0.13863946619023085
76100-500,0.27726893023647625
76150-500,0.20795419826957992
76200-500,0.20795419901709106
76250-500,0.20795419808606663
76300-500,1.0002674371479828e-05
76350-500,0.13863946634758373
76400-500,0.3178154461610075
76450-500,0.1791859833144771
76500-500,0.3178154460618855
76550-500,0.06932473529297854
76600-500,0.13863946649245362
76650-500,0.24850071371748061
76700-500,0.2079541974014038
76750-500,0.2772689286543099
76800-500,0.13863946564383378
76850-500,0.13863946705903205
76900-500,0.0693247343180695
76950-500,1.0002877685556513e-05
77000-500,0.31781544617107094
77050-500,0.06932473469391473
77100-500,0.06932473467229078
77150-500,0.1386394663390288
77200-500,0.20795419784479777
77250-500,0.06932473452683204
77300-500,0.24850071519266073
77350-500,0.20795419788524167
77400-500,0.06932473417033977
77450-500,0.1791859825511303
77500-500,0.13863946583608272
77550-500,0.1386394659114469
77600-500,0.3871301776293344
77650-500,0.20795419772621776
77700-500,0.06932473497020822
77750-500,0.20795419769906207
77800-500,1.0001939268923223e-05
77850-500,0.138639466449255
77900-500,0.06932473450326473
77950-500,0.20795419820706051
78000-500,0.13863946614453052
78050-500,0.20795419759131573
78100-500,0.20795419827537653
78150-500,0.2079541973929982
78200-500,1.0002103536811405e-05
78250-500,0.2485007134866397
78300-500,0.17918598200734076
78350-500,0.1386394666723124
78400-500,0.06932473520976218
78450-500,1.0003280907989734e-05
78500-500,0.358361961903522
78550-500,0.20795419743981441
78600-500,1.0002529584275379e-05
78650-500,1.0002954395217358e-05
78700-500,0.13863946599366006
78750-500,0.2772689301968342
78800-500,0.2079541981154362
78850-500,0.13863946604563598
78900-500,1.0002195633896918e-05
78950-500,0.24850071417230396
79000-500,1.0002544943278338e-05
79050-500,0.13863946635718086
79100-500,0.13863946634510277
79150-500,0.13863946591677598
79200-500,0.06932473469271232
79250-500,0.2079541983703848
79300-500,0.13863946604814467
79350-500,0.06932473407188253
79400-500,0.20795419098036594
79450-500,0.06932473414561482
79500-500,0.27726892961191024
79550-500,0.13863945914916412
79600-500,0.3178154462687262
79650-500,0.248500713522188
79700-500,0.13863946657431275
79750-500,0.13863946588518541
79800-500,1.0002988025649131e-05
79850-500,0.06932473474395345
79900-500,0.13863946595554738
79950-500,0.20795419810769866
80000-500,1.0002422165312765e-05
80050-500,0.10987125017381864
80100-500,0.20795419766948253
80150-500,0.1386394655875079
80200-500,0.10987125059333877
80250-500,0.06932473354963459
80300-500,0.06932473460978514
80350-500,0.45644490894884227
80400-500,1.0002178871039149e-05
80450-500,0.06932473377673773
80500-500,0.3178154456197547
80550-500,1.0002111849362053e-05
80600-500,0.277268930013365
80650-500,0.27726893031480654
80700-500,0.13863946599220694
80750-500,0.13863946570860436
80800-500,0.31781544600708955
80850-500,0.24850071347308203
80900-500,0.13863946586625026
80950-500,0.17918598261209795
81000-500,0.10987125089026528
81050-500,0.06932473374818421
81100-500,0.13863946548083544
81150-500,0.06932473493791519
81200-500,0.13863946654081377
81250-500,0.2079541982161935
81300-500,0.1386394664131224
81350-500,0.06932473369363255
81400-500,0.06932473397076928
81450-500,0.13863946533141658
81500-500,0.248500714911096
81550-500,0.24850071353940809
81600-500,1.0002367850981954e-05
81650-500,0.13863946609849026
81700-500,0.3178154457352972
81750-500,0.17918598251121148
81800-500,0.06932473476700328
81850-500,0.20795419836873882
81900-500,0.1386394648901477
81950-500,0.10987125014517887
82000-500,0.20795419794237233
82050-500,0.06932473383879831
82100-500,1.0003502602563544e-05
82150-500,1.0003511648483112e-05
82200-500,0.2079541978078173
82250-500,0.069324734383064
82300-500,0.06932473477942419
82350-500,0.06932473428208372
82400-500,0.0693247344017987
82450-500,0.20795419839715432
82500-500,0.20795419873223525
82550-500,0.20795419788497133
82600-500,0.138639466937049
82650-500,0.1386394656661537
82700-500,0.06932473432198903
82750-500,0.2772689290472595
82800-500,0.13863946608406652
82850-500,0.2079541976492118
82900-500,0.24850071383260636
82950-500,0.346583661116432
83000-500,0.13863946575513275
83050-500,0.13863946653214781
83100-500,0.20795419777786642
83150-500,0.06932473376811511
83200-500,0.13863946620675954
83250-500,0.2079541984093896
83300-500,0.06932473434104722
83350-500,0.24850071410086794
83400-500,0.13863946652832876
83450-500,0.2772689288031255
83500-500,0.2079541985008512
83550-500,0.2485007148074526
83600-500,0.13863946632875462
83650-500,0.13863946598583718
83700-500,0.13863946565642582
83750-500,1.0002359359907446e-05
83800-500,0.06932473441589454
83850-500,0.13863946634226043
83900-500,0.20795419840493273
83950-500,0.06932473422686246
84000-500,0.17918598169459604
84050-500,0.17918598269064323
84100-500,0.0693247342858129
84150-500,1.0002132302778791e-05
84200-500,0.13863946588036233
84250-500,0.20795419904169954
84300-500,1.0003742365795034e-05
84350-500,0.20795419811307952
84400-500,1.000224383764902e-05
84450-500,0.24850071522517156
84500-500,0.06932473508036995
84550-500,0.06932473479950298
84600-500,0.06932473430560881
84650-500,0.06932473436329066
84700-500,0.2772689302105835
84750-500,0.13863946725509432
84800-500,0.06932473521861839
84850-500,0.13863946676319136
84900-500,0.3465836543618065
84950-500,0.3178154455702602
85000-500,0.06932473452311241
85050-500,0.17918598211793185
85100-500,0.06932473369756878
85150-500,0.2772689294620916
85200-500,0.1386394673009697
85250-500,0.20795419841797286
85300-500,0.1386394673569413
85350-500,0.31781543997251666
85400-500,0.13863946634456747
85450-500,0.2485007136570176
85500-500,0.24850071311198216
85550-500,0.10987125028029258
85600-500,1.0002586260450244e-05
85650-500,0.20795419799102702
85700-500,0.06932473463796028
85750-500,0.20795419784000613
85800-500,0.06932473388950157
85850-500,1.0003244964652538e-05
85900-500,0.10987125011256667
85950-500,0.13863946565905227
86000-500,0.20795419908102436
86050-500,0.3465836616026257
86100-500,0.13863946625127
86150-500,0.06932473449930515
86200-500,0.06932473415417678
86250-500,0.13863946666663757
86300-500,0.06932473462711643
86350-500,0.13863946656195686
86400-500,0.2772689295585734
86450-500,0.13863946612811953
86500-500,0.0693247348130842
86550-500,0.06932473500336925
86600-500,1.0002122827424955e-05
86650-500,1.0002722749314898e-05
86700-500,0.06932473480114007
86750-500,0.06932473356376391
86800-500,0.27726892895405575
86850-500,1.0002828314027426e-05
86900-500,0.27726892916888657
86950-500,1.0002801345111436e-05
87000-500,0.248500714317966
87050-500,1.0002924165176666e-05
87100-500,0.06932473472807113
87150-500,0.06932473389296581
87200-500,0.06932473397989504
87250-500,0.27726892919733614
87300-500,0.20795419867611642
87350-500,0.17918598288281307
87400-500,0.06932473397583348
87450-500,0.248500713899255
87500-500,1.0003630583478299e-05
87550-500,1.0002024352330211e-05
87600-500,0.13863946632106228
87650-500,0.06932473371532746
87700-500,1.0002288640477134e-05
87750-500,0.06932473371350706
87800-500,0.13863946693052764
87850-500,1.0002410046029412e-05
87900-500,0.06932473357229335
87950-500,0.20795419764342257
88000-500,0.13863946628717747
88050-500,0.10987125088783282
88100-500,1.0002290590739307e-05
88150-500,0.10987124971490858
88200-500,1.000223310427927e-05
88250-500,1.000256826480083e-05
88300-500,0.10987125109009974
88350-500,0.06932473415642218
88400-500,0.1386394672561143
88450-500,1.0001907282509705e-05
88500-500,0.24850071423693793
88550-500,0.13863946554797107
88600-500,0.0693247339842298
88650-500,0.20795419904853157
88700-500,0.13863946652411327
88750-500,0.13863946666255036
88800-500,0.06932473441315459
88850-500,0.13863946607418925
88900-500,0.06932473482696705
88950-500,0.20795419820798927
89000-500,0.13863946618160672
89050-500,1.0001985678199646e-05
89100-500,0.13863946677291805
89150-500,0.20795419816401656
89200-500,0.13863946642553335
89250-500,0.20795419815707908
89300-500,0.24850071487868694
89350-500,0.06932473410307596
89400-500,0.13863946590571594
89450-500,0.0693247345013484
89500-500,0.13863946504974153
89550-500,0.13863946518154074
89600-500,1.0001988635034423e-05
89650-500,0.06932473434647195
89700-500,0.17918598285321835
89750-500,0.06932473310606611
89800-500,0.1386394669985846
89850-500,0.17918598229845162
89900-500,0.21973249884063314
89950-500,0.2772689286352448
90000-500,0.24850071397695941
90050-500,0.20795419701399798
90100-500,0.20795419847222946
90150-500,0.3178154463242315
90200-500,0.06932473363073292
90250-500,1.0002561288159343e-05
90300-500,0.20795419850074656
90350-500,1.0002947721799984e-05
90400-500,0.06932473420006044
90450-500,0.06932473458117808
90500-500,0.13863946722132586
90550-500,0.20795419096017914
90600-500,0.17918598208243836
90650-500,0.13863946557849677
90700-500,0.06932473576531219
90750-500,0.13863946636330288
90800-500,0.28904723110397934
90850-500,1.0003006860893607e-05
90900-500,0.06932473365134274
90950-500,0.06932473425639421
91000-500,0.20795419195339887
91050-500,0.207954198726458
91100-500,0.06932473369681037
91150-500,0.20795419843737636
91200-500,0.06932473480115925
91250-500,0.06932473382788286
91300-500,0.1386394661108038
91350-500,0.06932473442651911
91400-500,0.2079541973687924
91450-500,0.06932473437406426
91500-500,0.20795419731181414
91550-500,0.20795419843189497
91600-500,0.069324734825185
91650-500,0.3465836612624881
91700-500,0.13863946497264473
91750-500,0.13863946697078086
91800-500,0.2079541977850564
91850-500,0.17918598168626895
91900-500,0.06932473447921536
91950-500,0.13863946588598816
92000-500,0.06932473461840757
92050-500,1.0002778452312668e-05
92100-500,0.06932473507591706
92150-500,0.13863946613209369
92200-500,0.0693247345275487
92250-500,0.06932473422537991
92300-500,0.20795419862598657
92350-500,0.38713017780565623
92400-500,0.27726892938461783
92450-500,0.3465836612585573
92500-500,0.1386394657318553
92550-500,0.13863946726990578
92600-500,0.27726892904347855
92650-500,1.0003370975587559e-05
92700-500,0.06932473388646568
92750-500,0.06932473455223223
92800-500,0.1386394658534122
92850-500,0.06932473461792138
92900-500,0.0693247341216072
92950-500,0.06932473524185384
93000-500,0.207954197075225
93050-500,0.13863946614804007
93100-500,0.06932473439669017
93150-500,0.24850071368185117
93200-500,1.0002442265589765e-05
93250-500,0.17918598281432013
93300-500,0.13863946588882944
93350-500,0.13863946602039595
93400-500,0.3178154458149727
93450-500,0.17918598271820474
93500-500,0.10987125081168218
93550-500,0.2772689296709275
93600-500,0.13863946561370677
93650-500,1.0002886323269281e-05
93700-500,0.06932473399605268
93750-500,0.13863946544225317
93800-500,0.06932473433202634
93850-500,1.0002453039726902e-05
93900-500,0.06932473451400255
93950-500,0.06932473449358013
94000-500,0.13863946622960607
94050-500,0.06932473416542938
94100-500,0.13863946715680406
94150-500,0.13863946643694042
94200-500,0.13863946559966084
94250-500,0.10987125068079646
94300-500,0.20795419826803413
94350-500,1.0001949438566129e-05
94400-500,1.0003457708164234e-05
94450-500,0.1386394659746027
94500-500,0.06932473448074844
94550-500,1.0002504996121644e-05
94600-500,0.21973249732316086
94650-500,0.10987125031605874
94700-500,0.06932473432032263
94750-500,1.0002084895900368e-05
94800-500,1.0002870787163546e-05
94850-500,0.13863946623577955
94900-500,1.0002405213539447e-05
94950-500,0.06932473451150321
95000-500,0.13863946557023718
95050-500,0.1386394670743224
95100-500,0.06932473474756674
95150-500,1.000189334743439e-05
95200-500,0.3178154451570427
95250-500,0.10987125071332877
95300-500,0.06932473443584133
95350-500,1.0002516489772121e-05
95400-500,1.0002718798164382e-05
95450-500,0.06932473413483545
95500-500,0.24850071466831758
95550-500,0.13863946605129193
95600-500,0.06932473377376046
95650-500,0.20795419747211613
95700-500,0.06932473401531666
95750-500,1.0002309306523785e-05
95800-500,0.06932473508740113
95850-500,0.13863946659904125
95900-500,0.20795419857690423
95950-500,1.0002259598108623e-05
96000-500,0.17918598244805223
96050-500,0.06932473457332158
96100-500,1.000194856397684e-05
96150-500,0.13863946626388435
96200-500,0.06932473525916054
96250-500,1.0002418508593395e-05
96300-500,0.0693247352836747
96350-500,1.0002195158721464e-05
96400-500,1.0001986973163782e-05
96450-500,1.0002924132758153e-05
96500-500,0.1791859821795781
96550-500,0.10987125103510978
96600-500,0.06932473368072226
96650-500,0.17918598179574102
96700-500,0.06932473498458595
96750-500,1.0002862929981974e-05
96800-500,1.0002507669094598e-05
96850-500,0.06932473437680413
96900-500,0.1791859827171073
96950-500,0.06932473416209729
97000-500,0.13863946631775773
97050-500,0.10987125129499291
97100-500,1.0003739155918226e-05
97150-500,0.13863946603269392
97200-500,0.06932473385851906
97250-500,1.0002685979172412e-05
97300-500,0.2079541984669145
97350-500,0.13863946620003714
97400-500,0.27726892870201547
97450-500,0.13863946645812153
97500-500,0.06932473390170922
97550-500,0.06932473487809264
97600-500,1.0003046435459453e-05
97650-500,1.000251059235623e-05
97700-500,0.13863946614739098
97750-500,0.0693247339104116
97800-500,0.06932473462354968
97850-500,0.13863946639620314
97900-500,1.000239863453544e-05
97950-500,0.13863946591026696
98000-500,1.0003027712391913e-05
98050-500,1.0002344081551086e-05
98100-500,1.0002353846184633e-05
98150-500,0.06932473460188905
98200-500,1.0001624676304602e-05
98250-500,0.06932473536475615
98300-500,1.0002887614414249e-05
98350-500,0.06932473478402709
98400-500,0.10987125033295604
98450-500,1.00024077944083e-05
98500-500,1.0003167785145309e-05
98550-500,0.2772689291072846
98600-500,0.06932473396403528
98650-500,0.06932473453297759
98700-500,0.0693247341295706
98750-500,0.13863946645401043
98800-500,0.0693247346354511
98850-500,0.0693247350763911
98900-500,0.06932473438754247
98950-500,1.000219081144337e-05
99000-500,1.000279373546519e-05
99050-500,0.2079541981513552
99100-500,0.06932473521799418
99150-500,0.06932473432152657
99200-500,0.13863946565393753
99250-500,0.06932473349409421
99300-500,0.13863946630158835
99350-500,0.1386394664241344
99400-500,0.06932473454694571
99450-500,0.06932473368117222
99500-500,0.1386394652042797
99550-500,0.1791859819605977
99600-500,0.069324734537794
99650-500,0.13863946552569237
99700-500,0.06932473442065695
99750-500,0.2079541979302248
99800-500,0.06932473455939805
99850-500,1.0003398890768836e-05
99900-500,0.06932473451589873
99950-500,0.06932473418813025
100000-500,0.06932473468069429
100050-500,1.00029898230558e-05
100100-500,0.0693247347013621
100150-500,0.10987125062078476
100200-500,0.2079541970703623
100250-500,1.0002278424915403e-05
100300-500,0.06932473428956777
100350-500,1.000200461514055e-05
100400-500,0.06932473382341833
100450-500,0.0693247337260333
100500-500,1.0003552515615014e-05
100550-500,1.000220983622512e-05
100600-500,1.000259283794435e-05
100650-500,0.06932473495574644
100700-500,0.0693247339996388
100750-500,0.13863946599969962
100800-500,0.06932473442965162
100850-500,0.06932473430378236
100900-500,0.20795419770352402
100950-500,0.4158983932482993
101000-500,0.1386394663683434
101050-500,0.06932473387080176
101100-500,1.0002327745907139e-05
101150-500,0.06932473377271081
101200-500,0.06932473512255265
101250-500,1.0002518036534839e-05
101300-500,0.06932473457827709
101350-500,1.0001899438295539e-05
101400-500,0.24850071396606532
101450-500,1.0001853813191844e-05
101500-500,0.20795419128647893
101550-500,0.06932473426019713
101600-500,0.06932473454259204
101650-500,1.0002357561701417e-05
101700-500,0.06932473499946579
101750-500,1.0002348104999328e-05
101800-500,0.06932473387101032
101850-500,1.0002966871548438e-05
101900-500,0.06932473473381898
101950-500,1.0002938883181258e-05
102000-500,0.10987125067179551
102050-500,0.20795419783673558
102100-500,0.10987125049133595
102150-500,1.000314867598661e-05
102200-500,0.1386394664834229
102250-500,1.0002840463508848e-05
102300-500,0.069324734462041
102350-500,0.20795419813139837
102400-500,0.06932473451813667
102450-500,0.1098712507513849
102500-500,1.0002091351092305e-05
102550-500,0.06932473473650341
102600-500,0.13863946605326555
102650-500,1.000248660327884e-05
102700-500,0.06932473489718297
102750-500,0.06932473383506102
102800-500,1.0003249008351247e-05
102850-500,0.06932473426336819
102900-500,0.1386394663846035
102950-500,0.2079541967471233
103000-500,1.0003207876098089e-05
103050-500,0.06932473440538775
103100-500,0.06932473457248146
103150-500,0.06932473471663868
103200-500,0.06932473378816344
103250-500,1.0003187456254494e-05
103300-500,0.1386394660319681
103350-500,0.0693247341743499
103400-500,0.06932473441308612
103450-500,0.13863946638177868
103500-500,1.0002091546047468e-05
103550-500,0.10987124963511899
103600-500,1.0002074268401487e-05
103650-500,1.0002052007896936e-05
103700-500,0.13863946663418106
103750-500,0.13863946614411138
103800-500,1.0003049068109107e-05
103850-500,0.06932473318347257
103900-500,0.1386394659541707
103950-500,0.20795419762693293
104000-500,0.06932473418153108
104050-500,0.06932473468742197
104100-500,0.13863946545620492
104150-500,0.06932473372043414
104200-500,1.0002795394316024e-05
104250-500,0.06932473451635063
104300-500,1.0002968841616991e-05
104350-500,1.0002191760017923e-05
104400-500,0.13863946599823465
104450-500,0.13863946576461245
104500-500,0.10987125075173396
104550-500,0.06932473529423665
104600-500,0.13863946631051355
104650-500,0.06932473439075554
104700-500,0.13863946645786485
104750-500,0.06932473338599375
104800-500,1.0003210493471073e-05
104850-500,1.0002326055970059e-05
104900-500,0.06932473437862116
104950-500,0.17918598192766216
105000-500,0.1386394654221275
105050-500,0.17918598154652535
105100-500,0.10987125125193056
105150-500,0.06932473484377635
105200-500,0.13863946589820558
105250-500,1.0002683138333736e-05
105300-500,0.13863946552453899
105350-500,1.000282481638081e-05
105400-500,1.0002538490306848e-05
105450-500,0.13863946563714374
105500-500,0.0693247348942804
105550-500,0.13863946652381193
105600-500,1.0003066870402081e-05
105650-500,0.06932473438970944
105700-500,1.0001899902724034e-05
105750-500,0.06932473387351196
105800-500,0.0693247347962351
105850-500,0.1386394663338999
105900-500,0.0693247338892439
105950-500,1.0003463494024915e-05
106000-500,0.06932473432839414
106050-500,0.06932473433097402
106100-500,0.13863946567035007
106150-500,1.000269466546854e-05
106200-500,0.13863946625704626
106250-500,0.06932473387736
106300-500,0.06932473414043391
106350-500,1.0002827357636903e-05
106400-500,1.0003153143079971e-05
106450-500,1.0002668067899947e-05
106500-500,1.0002280062094684e-05
106550-500,0.06932473392968169
106600-500,0.10987125150149599
106650-500,0.06932473477242428
106700-500,1.0003237539214497e-05
106750-500,0.2772689295944414
106800-500,1.0001858733167382e-05
106850-500,1.0001813178407418e-05
106900-500,1.000274210867346e-05
106950-500,0.24850071404469465
107000-500,0.13863946548146588
107050-500,0.13863946629800997
107100-500,0.06932473475434318
107150-500,1.0002741182392186e-05
107200-500,0.2772689298129866
107250-500,0.06932473415291228
107300-500,0.10987125068713799
107350-500,1.0002454978975665e-05
107400-500,0.13863946689617743
107450-500,0.13863946586617387
107500-500,0.13863946609546637
107550-500,1.0002697385692585e-05
107600-500,0.06932473465942073
107650-500,1.0002667372989152e-05
107700-500,1.0003474676457671e-05
107750-500,0.06932473421452415
107800-500,0.06932473467097414
107850-500,0.13863946528864332
107900-500,0.0693247346645106
107950-500,0.0693247341446461
108000-500,1.0003245678836806e-05
108050-500,1.0002107600938217e-05
108100-500,1.0003169992179864e-05
108150-500,1.0002646301755505e-05
108200-500,1.0002319225878011e-05
108250-500,0.13863946678506303
108300-500,0.06932473450924459
108350-500,1.0003252644020791e-05
108400-500,0.0693247342681283
108450-500,1.000236477308846e-05
108500-500,0.06932473482522374
108550-500,0.06932473445026413
108600-500,0.06932473415048711
108650-500,1.0003163205786195e-05
108700-500,0.21973249825546398
108750-500,1.0002630153783656e-05
108800-500,1.0002278262556389e-05
108850-500,1.0002673840970857e-05
108900-500,0.06932473416752744
108950-500,0.13863946587977066
109000-500,1.0001910239166848e-05
109050-500,1.0002248929931171e-05
109100-500,0.13863946599512114
109150-500,0.06932473493581687
109200-500,1.0003362649358963e-05
109250-500,1.0002461847437019e-05
109300-500,0.06932473355488088
109350-500,1.0002695394663023e-05
109400-500,1.0002525596976e-05
109450-500,1.0002493223227873e-05
109500-500,1.0003496407696703e-05
109550-500,1.0001865758836317e-05
109600-500,0.13863946702325242
109650-500,1.0003404463999601e-05
109700-500,0.06932473448140711
109750-500,0.2079541983231838
109800-500,0.06932473497030324
109850-500,0.06932473522937067
109900-500,0.179185982739426
109950-500,1.000260721977341e-05
110000-500,0.13863946661855844
110050-500,0.06932473464182075
110100-500,0.06932473366744302
110150-500,1.0002719994807166e-05
110200-500,0.06932473479750954
110250-500,1.0002290167788743e-05
110300-500,0.06932473319988351
110350-500,0.13863946629034657
110400-500,0.06932473417517909
110450-500,1.000304858849276e-05
110500-500,1.0002493060069498e-05
110550-500,0.06932473415110954
110600-500,1.0002301416301976e-05
110650-500,1.000179408523593e-05
110700-500,0.13863946667579435
110750-500,1.0003436330420216e-05
110800-500,1.0002911250707172e-05
110850-500,0.10987125079734308
110900-500,1.0002658724884698e-05
110950-500,0.06932473465438421
111000-500,0.06932473381870566
111050-500,1.0001839943131188e-05
111100-500,0.1386394654548754
111150-500,0.1386394661808127
111200-500,0.06932473394181732
111250-500,0.2772689297403296
111300-500,1.0003124666392297e-05
111350-500,1.0003357100641921e-05
111400-500,0.06932473489258087
111450-500,0.10987125130843078
111500-500,1.0002683266764336e-05
111550-500,0.06932473456081809
111600-500,1.000336227126141e-05
111650-500,0.06932473511159129
111700-500,0.24850071508831068
111750-500,0.06932473463636814
111800-500,0.06932473395523955
111850-500,1.0001925134807125e-05
111900-500,0.06932473435953704
111950-500,0.13863946700272367
112000-500,1.0002550679401025e-05
112050-500,1.0002481716965264e-05
112100-500,0.13863946588009501
112150-500,1.0002396449261256e-05
112200-500,0.06932473393909613
112250-500,0.13863946562526233
112300-500,1.0002470179882863e-05
112350-500,0.06932473368230499
112400-500,0.06932473413420716
112450-500,0.06932473434480074
112500-500,0.06932473441695593
112550-500,1.0002347172234352e-05
112600-500,0.06932473410994186
112650-500,1.0003208259435895e-05
112700-500,0.06932473372938192
112750-500,0.06932473487504656
112800-500,0.0693247342594888
112850-500,0.06932473516810235
112900-500,0.06932473476501244
112950-500,0.06932473491361721
113000-500,0.20795419869594864
113050-500,0.06932473499212143
113100-500,1.0002041721192114e-05
113150-500,1.0002233346663161e-05
113200-500,1.0003107550927695e-05
113250-500,0.06932473440194481
113300-500,0.06932473472472758
113350-500,1.0002914543006938e-05
113400-500,1.0002506554608318e-05
113450-500,1.0003242798740644e-05
113500-500,0.06932473423568225
113550-500,1.0002294266021608e-05
113600-500,1.0002132503063025e-05
113650-500,0.06932473460079845
113700-500,0.06932473457258573
113750-500,0.1098712507556359
113800-500,0.06932473461012913
113850-500,1.0002209964033995e-05
113900-500,0.13863946583322617
113950-500,1.0002333397208787e-05
114000-500,0.1386394657786384
114050-500,0.0693247357350095
114100-500,0.06932473436843313
114150-500,1.0002560596978896e-05
114200-500,0.06932473482568
114250-500,0.17918598197793992
114300-500,1.0002550034228222e-05
114350-500,1.0003110675983464e-05
114400-500,0.13863946593184126
114450-500,1.0002693280443111e-05
114500-500,0.06932473451742613
114550-500,0.0693247337383329
114600-500,0.13863946605790842
114650-500,1.0002521124553568e-05
114700-500,0.06932473432746802
114750-500,0.0693247348552827
114800-500,1.0002944646482206e-05
114850-500,1.0002256372155784e-05
114900-500,0.06932473435180722
114950-500,1.0003295972739182e-05
115000-500,0.10987125165371388
115050-500,0.06932473353884695
115100-500,0.06932473512389291
115150-500,1.0002585761649243e-05
115200-500,0.1386394659156826
115250-500,1.0003341999921247e-05
115300-500,0.20795419695587142
115350-500,1.0002452776470818e-05
115400-500,1.0002568033163897e-05
115450-500,0.06932473392942812
115500-500,1.0002910136132074e-05
115550-500,1.0002652727104646e-05
115600-500,1.0002676310639771e-05
115650-500,1.0002986090752444e-05
115700-500,1.0002519094444153e-05
115750-500,0.06932473512637892
115800-500,0.13863946600740376
115850-500,1.0003381033319984e-05
115900-500,1.0003048197338985e-05
115950-500,0.13863946612819114
116000-500,1.0002993405612274e-05
116050-500,0.13863946641901786
116100-500,1.0002577073043852e-05
116150-500,1.0001908740010492e-05
116200-500,0.06932473399284592
116250-500,0.06932473377567759
116300-500,0.06932473497722597
116350-500,1.000245740041649e-05
116400-500,1.0002875495219712e-05
116450-500,1.0002655524333762e-05
116500-500,1.000244600935062e-05
116550-500,0.06932473396692435
116600-500,1.0002762858475337e-05
116650-500,1.00027695298499e-05
116700-500,0.06932473409014737
116750-500,0.0693247345251308
116800-500,1.000333189333901e-05
116850-500,1.0002378406360749e-05
116900-500,1.0002082093963907e-05
116950-500,1.0003233007195292e-05
117000-500,1.0003257412029001e-05
117050-500,1.0002866786807943e-05
117100-500,0.06932473401623104
117150-500,1.0002491124995175e-05
117200-500,1.000351782789565e-05
117250-500,1.0002560347489578e-05
117300-500,1.0002836403378837e-05
117350-500,1.0001747166056277e-05
117400-500,0.13863946625523582
117450-500,1.0003049976804449e-05
117500-500,0.06932473441748224
117550-500,0.06932473377391571
117600-500,1.0003274429438705e-05
117650-500,1.0002012630151428e-05
117700-500,1.0003130023795706e-05
117750-500,1.0002834069778857e-05
117800-500,0.06932473377250635
117850-500,1.0002042246904922e-05
117900-500,0.06932473418362771
117950-500,0.06932473413968668
118000-500,0.13863946628825013
118050-500,1.00026780660356e-05
118100-500,0.06932473512914206
118150-500,1.0003621980670942e-05
118200-500,1.0003799831116425e-05
118250-500,1.0003433169037947e-05
118300-500,1.0001873606692017e-05
118350-500,1.0003235494627775e-05
118400-500,0.13863946522094822
118450-500,1.0002287622091758e-05
118500-500,1.0002343160687702e-05
118550-500,0.10987125012495161
118600-500,0.06932473535853499
118650-500,1.0002232820417447e-05
118700-500,1.0002506661012092e-05
118750-500,1.0001915389624686e-05
118800-500,1.0003430835082697e-05
118850-500,1.000209935180351e-05
118900-500,0.0693247338502415
118950-500,1.0002347596161911e-05
119000-500,0.06932473401926995
119050-500,1.0002429865819664e-05
119100-500,1.0002286008893293e-05
119150-500,0.06932473355140731
119200-500,0.06932473397990525
119250-500,1.000283979089133e-05
119300-500,1.0002746759086847e-05
119350-500,0.06932473403897844
119400-500,1.0002368264961916e-05
119450-500,0.06932473450286941
119500-500,0.13863946610337205
119550-500,1.0001840978036683e-05
119600-500,0.13863946661172125
119650-500,1.000227445955403e-05
119700-500,1.0003011837623745e-05
119750-500,0.06932473398971722
119800-500,1.0002802384457823e-05
119850-500,1.0002955630140633e-05
119900-500,1.0003029282868994e-05
119950-500,1.0003409836146773e-05
120000-500,1.0003097534051477e-05
120050-500,0.06932473426716525
120100-500,0.13863946655217296
120150-500,0.17918598154151097
120200-500,1.0002570483026433e-05
120250-500,1.0002684483924042e-05
120300-500,0.06932473439570438
120350-500,1.0003298494188897e-05
120400-500,1.0002559475209552e-05
120450-500,1.000314631725118e-05
120500-500,1.0002342973992597e-05
120550-500,1.0002769708373763e-05
120600-500,1.0001710754027329e-05
120650-500,1.000324344586744e-05
120700-500,1.0002313383884456e-05
120750-500,0.13863946609036984
120800-500,0.06932473388471305
120850-500,1.000247319187352e-05
120900-500,0.06932473442087544
120950-500,0.06932473503231834
121000-500,1.0001568195528989e-05
121050-500,1.0001986872355531e-05
121100-500,0.06932473434284497
121150-500,1.0003198224440838e-05
121200-500,1.0002992561132231e-05
121250-500,0.06932473441149913
121300-500,0.06932473390623405
121350-500,1.0003241173374136e-05
121400-500,1.000290222015309e-05
121450-500,1.0001788843650985e-05
121500-500,1.0002416874078648e-05
121550-500,0.06932473366471606
121600-500,1.0003534325010435e-05
121650-500,1.0002353139816336e-05
121700-500,1.0002527428577538e-05
121750-500,1.0002759680928222e-05
121800-500,1.0003246002222569e-05
121850-500,1.0002058191928002e-05
121900-500,1.0002450709324365e-05
121950-500,1.000284628871583e-05
122000-500,1.0002071814719785e-05
122050-500,1.0002819923672348e-05
122100-500,1.0003452291430507e-05
122150-500,1.0002428865730763e-05
122200-500,1.0003217933119971e-05
122250-500,0.06932473363839603
122300-500,1.0002872090210105e-05
122350-500,1.0002791748965337e-05
122400-500,1.0003041072726973e-05
122450-500,1.0002720455771766e-05
122500-500,0.06932473436729245
122550-500,1.0002203176574511e-05
122600-500,1.000353695641664e-05
122650-500,1.0003052906905056e-05
122700-500,1.0002887713268508e-05
122750-500,1.0002892222816798e-05
122800-500,1.0002424683476221e-05
122850-500,1.0002223705486415e-05
122900-500,1.0003324662678495e-05
122950-500,1.000274901559294e-05
123000-500,1.0002110343277906e-05
123050-500,1.0002559063894125e-05
123100-500,1.0002288647671378e-05
123150-500,1.0002570645918355e-05
123200-500,1.0002451759684164e-05
123250-500,1.0002742268989664e-05
123300-500,1.000229010996833e-05
123350-500,1.000254804355393e-05
123400-500,0.06932473445819608
123450-500,0.06932473522121942
123500-500,1.0003244738877583e-05
123550-500,1.0001979582897604e-05
123600-500,0.06932473388051383
123650-500,0.06932473433964664
123700-500,1.000264408361872e-05
123750-500,1.0002149087663385e-05
123800-500,0.06932473445222112
123850-500,1.0003107858859153e-05
123900-500,1.0002994524628264e-05
123950-500,1.0002422296319082e-05
124000-500,1.000296111322129e-05
124050-500,1.0002701033885444e-05
124100-500,1.0002261846443474e-05
124150-500,1.0002729000136981e-05
124200-500,1.0002950217581343e-05
124250-500,1.0002843270774378e-05
124300-500,1.0002724611825044e-05
124350-500,1.0002423631517701e-05
124400-500,1.000276552611922e-05
124450-500,0.1386394662938627
124500-500,0.06932473357936166
124550-500,1.0002290004008643e-05
124600-500,0.06932473499847377
124650-500,1.000346954429631e-05
124700-500,1.0003175534413203e-05
124750-500,1.0003008512905467e-05
124800-500,1.000237327322239e-05
124850-500,1.0001444990882505e-05
124900-500,1.000189557729513e-05
124950-500,1.0002666040010979e-05
125000-500,1.0002344452987302e-05
125050-500,1.000362462637682e-05
125100-500,1.0003340385124062e-05
125150-500,1.000237098571887e-05
125200-500,0.06932473421564318
125250-500,1.000215965121342e-05
125300-500,1.000168430940306e-05
125350-500,1.0002169792168161e-05
125400-500,1.0001964972007329e-05
125450-500,1.0002688712452682e-05
125500-500,1.0002086348072085e-05
125550-500,1.0002602201387703e-05
125600-500,1.0003112844826347e-05
125650-500,1.0001987841447005e-05
125700-500,1.0002422066192055e-05
125750-500,1.0002396657983184e-05
125800-500,1.0003124332970117e-05
125850-500,1.0002221250916534e-05
125900-500,1.0002324239112285e-05
125950-500,1.0003084585387115e-05
126000-500,1.0002408429367052e-05
126050-500,1.0002716859537344e-05
126100-500,1.0002924375142044e-05
126150-500,1.0002554628064645e-05
126200-500,1.000246426905548e-05
126250-500,1.0003529755066012e-05
126300-500,1.0001791401960105e-05
126350-500,1.0002890941708245e-05
126400-500,1.0002927599851433e-05
126450-500,1.0002723048364573e-05
126500-500,1.0003004870041679e-05
126550-500,1.000305312726212e-05
126600-500,1.0002327090253828e-05
126650-500,1.0002177822278072e-05
126700-500,1.0003325759490025e-05
126750-500,1.000240086066583e-05
126800-500,1.0002077969352144e-05
126850-500,1.0003368508405544e-05
126900-500,1.0002596185844084e-05
126950-500,1.0001667611204681e-05
127000-500,1.000243726354654e-05
127050-500,1.0001930622772762e-05
127100-500,1.0002516957486875e-05
127150-500,1.0003194583708677e-05
127200-500,1.0003025813466452e-05
127250-500,1.0001928174331312e-05
127300-500,1.0002562871001841e-05
